id,source,category,cluster_or_subcategory,hook_title,hook_formula_text,target_audience,confidence_score,commercial_eligibility,freshness_status,created_at
2fd01203-5b9c-4a69-8d35-64539e14b4da,SUPABASE_LIVE_DB,problem-agitate,workflow-slow,Pola Proses Lambat,Stop kirim link manual yang sering bikin pembeli kabur.,Creator,0.92,True,FRESH,2026-10-09T14:39:43.122134+00:00
3d278a86-7fc2-457b-9a57-2f81dde2a4ac,SUPABASE_LIVE_DB,problem-agitate,trust-issue,Pola Anti Tipu-tipu,"Keliatannya sepele, tapi ini yang bikin banyak orang ketipu pas checkout.",Online Shopper,0.89,True,FRESH,2026-10-09T14:39:43.122134+00:00
41eaa8c9-e031-4725-aa0c-87ab484d7150,SUPABASE_LIVE_DB,curiosity-gap,weird-trick,Pola Trik Ganjil,"Aneh tapi ampuh, trik 5 detik ini naikin konversi CTWA.",Digital Marketer,0.91,True,FRESH,2026-10-09T14:39:43.122134+00:00
42846a67-734a-4a7d-8f6f-8dd456b298db,SUPABASE_LIVE_DB,curiosity-gap,odd-comparison,Pola Perbandingan Aneh,"Modal Rp 0 vs modal jutaan, hasilnya kok bisa sama?",Entrepreneur,0.9,True,FRESH,2026-10-09T14:39:43.122134+00:00
45b7bc6f-d513-4a9d-8883-8402f4e4179d,SUPABASE_LIVE_DB,problem-agitate,operational-pain,Pola Chaos Operasional,Chat numpuk tapi closingan minim? Ini biang keroknya.,Seller WhatsApp,0.94,True,FRESH,2026-10-09T14:39:43.122134+00:00
555e6114-c132-4a2a-ada8-4e2ca5f322f8,SUPABASE_LIVE_DB,curiosity-gap,silent-winner,Pola Kuda Hitam,"Barang ini gak pernah diiklanin tapi selalu sold out, kok bisa?",Shopper,0.93,True,FRESH,2026-10-09T14:39:43.122134+00:00
6055426c-4eb0-4a64-a216-ee47473893aa,SUPABASE_LIVE_DB,problem-agitate,time-sink,Pola Waktu Terbuang,Berapa jam kamu habisin cuma buat rekap data tiap malam?,UMKM,0.92,True,FRESH,2026-10-09T14:39:43.122134+00:00
8e5fb303-b794-4f79-a4ad-d87fe9bfb9e8,SUPABASE_LIVE_DB,problem-agitate,buyer-regret,Pola Penyesalan Telat Tahu,Nyesel banget baru nemu barang ini pas mau habis...,Impulse Shopper,0.91,True,FRESH,2026-10-09T14:39:43.122134+00:00
a96a2ad8-6b6a-4dfe-813e-cd57443e9aac,SUPABASE_LIVE_DB,problem-agitate,hidden-trap,Pola Kesalahan Fatal,Kesalahan nomor 1 yang bikin konten affiliate kamu sepi klik.,Affiliate Creator,0.96,True,FRESH,2026-10-09T14:39:43.122134+00:00
af7e3592-bcae-4a2c-8adc-6955f920f868,SUPABASE_LIVE_DB,problem-agitate,pain-point,Pola Solusi Frustrasi,"Buat yang udah capek boncos iklan, coba ubah 1 hal ini.",Media Buyer,0.93,True,FRESH,2026-10-09T14:39:43.122134+00:00
cf62ef7a-cb50-43cd-b368-2de58d9ed4ea,SUPABASE_LIVE_DB,curiosity-gap,untold-truth,Pola Jarang Ada yang Tahu,90% orang gak sadar fitur tersembunyi yang ada di HP mereka.,Tech User,0.88,True,FRESH,2026-10-09T14:39:43.122134+00:00
d2abf759-5565-4ea0-985b-9fb0fbab8dc9,SUPABASE_LIVE_DB,problem-agitate,daily-struggle,Pola Capek Cara Lama,Masih zaman ribet ngatur orderan manual satu-satu?,Business Owner,0.94,True,FRESH,2026-10-09T14:39:43.122134+00:00
dc61754f-9af8-4dec-af96-b55cae524994,SUPABASE_LIVE_DB,problem-agitate,overprice,Pola Alternatif Murah,"Bandingin harga toko sebelah sama yang ini, bedanya jauh banget!",Budget Hunter,0.9,True,FRESH,2026-10-09T14:39:43.122134+00:00
de84ae4d-eb5d-45b1-a480-27fab76a17b9,SUPABASE_LIVE_DB,curiosity-gap,behind-scenes,Pola Bocoran Orang Dalam,Bocoran orang dalam: ini alasan kenapa produk ini viral terus.,Trend Seeker,0.9,True,FRESH,2026-10-09T14:39:43.122134+00:00
e72158f8-34a1-4a52-8e14-271e4e321213,SUPABASE_LIVE_DB,curiosity-gap,unbelievable-result,Pola Hasil di Luar Nalar,"Dari sepi pembeli jadi kewalahan packing, cuma ganti alur ini.",Store Owner,0.94,True,FRESH,2026-10-09T14:39:43.122134+00:00
e9499d68-f854-4022-a85a-713b815023d0,SUPABASE_LIVE_DB,curiosity-gap,mystery-item,Pola Tebak Barang,"Kirain barang receh, pas dateng kualitasnya bikin kaget...",Product Explorer,0.92,True,FRESH,2026-10-09T14:39:43.122134+00:00
ed1cdbfa-385a-40ed-82ed-e63a0e6ddbec,SUPABASE_LIVE_DB,problem-agitate,financial-waste,Pola Jebakan Biaya,Jangan beli ini sebelum kamu tahu cara hemat 50%!,Advertiser,0.95,True,FRESH,2026-10-09T14:39:43.122134+00:00
eea7d635-6f7a-4585-82f1-065b30d76fa2,SUPABASE_LIVE_DB,curiosity-gap,counter-intuitive,Pola Berlawanan Logika,"Kenapa makin murah iklannya, makin banyak yang beli? Ini logikanya.",Advertiser,0.89,True,FRESH,2026-10-09T14:39:43.122134+00:00
f2e7c7a6-341e-4aaf-b0c2-a6ae54a9c1d3,SUPABASE_LIVE_DB,curiosity-gap,hidden-feature,Pola Rahasia Tak Terduga,Ternyata fungsi aslinya bukan cuma buat pajangan doang!,General,0.93,True,FRESH,2026-10-09T14:39:43.122134+00:00
fad6fa7a-e1bc-4d7d-9473-f2b466a69e0a,SUPABASE_LIVE_DB,curiosity-gap,secret-formula,Pola Formula Tertutup,Cara brand besar dapet ribuan chat tiap hari tanpa admin lembur.,Brand Owner,0.95,True,FRESH,2026-10-09T14:39:43.122134+00:00
2825dceb-bea0-4ad3-8afc-e578b7e53c89,SUPABASE_LIVE_DB,ctwa-bot,seamless-human,Pola Handover Mulus,"Bot ramah standby 24 jam, kalau butuh dokter/admin tinggal panggil tanpa disconnect.",Pasien & Klien,0.95,True,FRESH,2026-10-09T14:42:48.818139+00:00
37a3547c-a8bc-4003-bfca-1319f8623198,SUPABASE_LIVE_DB,ctwa-qris,checkout-speed,Pola Checkout Tanpa Aplikasi Bank,"Klik link WhatsApp, bot kirim QRIS, langsung bayar via Gopay/BCA/ShopeePay.",Mobile Shopper,0.96,True,FRESH,2026-10-09T14:42:48.818139+00:00
494f75f8-2f86-4bf1-a182-2630355ed1c7,SUPABASE_LIVE_DB,ctwa-bot,human-touch,Pola Bot Natural Anti Kaku,"Chat bot tapi berasa ngobrol sama CS beneran, balesnya cuma 1 detik.",Calon Pembeli,0.97,True,FRESH,2026-10-09T14:42:48.818139+00:00
614169a2-dc8a-4337-911b-1c58e96a7f38,SUPABASE_LIVE_DB,ctwa-qris,promo-trigger,Pola Flash Sale QRIS,"Khusus pembayaran via QRIS dinamis bot sekarang, diskon langsung terpotong!",Promo Hunter,0.97,True,FRESH,2026-10-09T14:42:48.818139+00:00
61a1214d-edcb-4b79-8bbb-d09282600dc8,SUPABASE_LIVE_DB,ctwa-bot,frictionless-flow,Pola Alur Tanpa Form Ribet,"Gak usah isi form panjang di website, sebut pesanan di WA langsung diproses.",Direct Buyer,0.96,True,FRESH,2026-10-09T14:42:48.818139+00:00
88040d94-62d6-4666-8596-557814b46db2,SUPABASE_LIVE_DB,ctwa-bot,closing-assist,Pola Konsultasi Ramah,"Bukan cuma robot broadcast, bot ini paham produk dan siap kasih rekomendasi.",Leads Konsultatif,0.96,True,FRESH,2026-10-09T14:42:48.818139+00:00
9dbecbe7-ad95-4081-9d6a-159563a58e60,SUPABASE_LIVE_DB,ctwa-qris,instant-invoice,Pola Resi & Struk Instan,"Begitu QRIS discan, invoice resmi dan nomor resi langsung meluncur ke chat kamu.",Pembeli B2C,0.95,True,FRESH,2026-10-09T14:42:48.818139+00:00
d3cc09aa-a784-4d16-8e3b-03a7b03535f1,SUPABASE_LIVE_DB,ctwa-qris,anti-fraud,Pola Verifikasi Nominal Unik,Bebas salah nominal! QRIS otomatis pas angkanya sampai 3 digit unik.,Smart Buyer,0.94,True,FRESH,2026-10-09T14:42:48.818139+00:00
d67b7ed8-82d2-4abe-802e-39405317160c,SUPABASE_LIVE_DB,ctwa-bot,zero-wait,Pola Anti Antre Balasan,Tengah malam chat tetep dilayani ramah dan langsung dikasih invoice QRIS.,Night Shopper,0.95,True,FRESH,2026-10-09T14:42:48.818139+00:00
eef46d61-afb4-46b0-a03a-f675359c2e72,SUPABASE_LIVE_DB,ctwa-qris,instant-pay,Pola QRIS Dinamis Sekali Scan,"Gak perlu nunggu admin cek mutasi, scan QRIS dinamis langsung lunas otomatis!",Pembeli Online,0.98,True,FRESH,2026-10-09T14:42:48.818139+00:00
seed-adr54-skin-01,ADR_54_CURATED_SEED,skincare,Problem-Agitate,[Problem-Agitate] Skincare Formula,"Nyesel banget baru tau sekarang, ternyata pori-pori kesumbat bukan gara-gara salah cuci muka tapi karena cara double cleansing kamu salah total!",Indonesian Social Commerce,0.97,True,FRESH,2026-10-09T03:00:00Z
seed-adr54-skin-02,ADR_54_CURATED_SEED,skincare,Problem-Agitate,[Problem-Agitate] Skincare Formula,Capek gak sih tiap bangun tidur kulit muka kilang minyak tapi pas dipegang rasanya kering ketarik? Jangan-jangan skin barrier kamu udah jebol!,Indonesian Social Commerce,0.95,True,FRESH,2026-10-09T03:00:00Z
seed-adr54-skin-03,ADR_54_CURATED_SEED,skincare,Problem-Agitate,[Problem-Agitate] Skincare Formula,Stop buang duit beli serum jutaan kalau jerawat mendem kamu masih dipencet paksa tiap malam. Liat deh yang terjadi di bawah kulit kamu!,Indonesian Social Commerce,0.94,True,FRESH,2026-10-09T03:00:00Z
seed-adr54-skin-04,ADR_54_CURATED_SEED,skincare,Curiosity Gap,[Curiosity Gap] Skincare Formula,"Ada satu alasan kenapa cewek-cewek Korea kulitnya bisa glowing kaca pas cuaca panas, padahal mereka cuma nambahin 1 step simpel ini sebelum tidur!",Indonesian Social Commerce,0.96,True,FRESH,2026-10-09T03:00:00Z
seed-adr54-skin-05,ADR_54_CURATED_SEED,skincare,Curiosity Gap,[Curiosity Gap] Skincare Formula,Dokter kulit pasti kaget kalau tau produk under 100 ribu ini punya kandungan active ingredient yang sama persis kayak brand high-end!,Indonesian Social Commerce,0.95,True,FRESH,2026-10-09T03:00:00Z
seed-adr54-skin-06,ADR_54_CURATED_SEED,skincare,Curiosity Gap,[Curiosity Gap] Skincare Formula,"Ternyata rahasia flek hitam gak balik lagi bukan di sunscreen tebel, tapi di timing layering 2 botol kecil ini!",Indonesian Social Commerce,0.93,True,FRESH,2026-10-09T03:00:00Z
seed-adr54-skin-07,ADR_54_CURATED_SEED,skincare,Shocking Fact,[Shocking Fact] Skincare Formula,"Fakta ngeri: 80% orang Indonesia salah urutan pakai retinol sampai mukanya merah iritasi, padahal kuncinya ada di teknik sandwich ini!",Indonesian Social Commerce,0.98,True,FRESH,2026-10-09T03:00:00Z
seed-adr54-skin-08,ADR_54_CURATED_SEED,skincare,Shocking Fact,[Shocking Fact] Skincare Formula,Kalian tau gak kalau cuci muka pakai air hangat tiap hari itu justru bikin penuaan dini 2x lebih cepat? Ini bukti sainsnya!,Indonesian Social Commerce,0.92,True,FRESH,2026-10-09T03:00:00Z
seed-adr54-skin-09,ADR_54_CURATED_SEED,skincare,Shocking Fact,[Shocking Fact] Skincare Formula,Jangan pernah campur vitamin C sama bahan ini kalau gamau kulit kamu breakout semaleman! Simak penjelasannya.,Indonesian Social Commerce,0.94,True,FRESH,2026-10-09T03:00:00Z
seed-adr54-skin-10,ADR_54_CURATED_SEED,skincare,POV Skit,[POV Skit] Skincare Formula,"POV: Lu baru nyadar selama ini muka kusam bukan karena kurang tidur, tapi karena belum pernah eksfoliasi pakai formula gentle ini!",Indonesian Social Commerce,0.95,True,FRESH,2026-10-09T03:00:00Z
seed-adr54-skin-11,ADR_54_CURATED_SEED,skincare,POV Skit,[POV Skit] Skincare Formula,"POV: Temen kantor ngira lu perawatan jutaan di klinik kecantikan, padahal cuma rutin pake combo serum 50 ribuan ini tiap malem!",Indonesian Social Commerce,0.96,True,FRESH,2026-10-09T03:00:00Z
seed-adr54-skin-12,ADR_54_CURATED_SEED,skincare,POV Skit,[POV Skit] Skincare Formula,POV: Reaksi pacar pas liat muka lu mulus tanpa bekas jerawat setelah 2 minggu konsisten pakai ini: 'Kok beda banget?',Indonesian Social Commerce,0.93,True,FRESH,2026-10-09T03:00:00Z
seed-adr54-fash-13,ADR_54_CURATED_SEED,fashion,Problem-Agitate,[Problem-Agitate] Fashion Formula,"Lemari baju udah mau roboh tapi tiap mau berangkat selalu ngerasa 'gak punya baju'? Masalahnya bukan di jumlahnya, tapi di cuttingan ini!",Indonesian Social Commerce,0.96,True,FRESH,2026-10-09T03:00:00Z
seed-adr54-fash-14,ADR_54_CURATED_SEED,fashion,Problem-Agitate,[Problem-Agitate] Fashion Formula,Sering ngerasa saltum dan keliatan bantet pas pake kulot? Fix kamu salah pilih waistline dan bahan yang bikin siluet badan melebar!,Indonesian Social Commerce,0.94,True,FRESH,2026-10-09T03:00:00Z
seed-adr54-fash-15,ADR_54_CURATED_SEED,fashion,Problem-Agitate,[Problem-Agitate] Fashion Formula,"Beli blazer mahal-mahal tapi pas dipake malah kayak pinjem baju orang tua? Jangan buru-buru dibuang, ini cara styling biar auto-fit!",Indonesian Social Commerce,0.93,True,FRESH,2026-10-09T03:00:00Z
seed-adr54-fash-16,ADR_54_CURATED_SEED,fashion,Curiosity Gap,[Curiosity Gap] Fashion Formula,Outfit 50 ribuan tapi vibes-nya Old Money? Rahasia cewek-cewek Jakarta Selatan ada di paduan palet warna 'Monochrome Muted' satu ini!,Indonesian Social Commerce,0.97,True,FRESH,2026-10-09T03:00:00Z
seed-adr54-fash-17,ADR_54_CURATED_SEED,fashion,Curiosity Gap,[Curiosity Gap] Fashion Formula,Jangan checkout kemeja linen sebelum kamu tau 3 trik kancing ini yang bikin look kamu langsung naik kelas kayak selebgram!,Indonesian Social Commerce,0.95,True,FRESH,2026-10-09T03:00:00Z
seed-adr54-fash-18,ADR_54_CURATED_SEED,fashion,Curiosity Gap,[Curiosity Gap] Fashion Formula,Kenapa celana satu ini bisa bikin kaki keliatan 10cm lebih jenjang tanpa perlu high heels? Cek ilusi optik cuttingannya!,Indonesian Social Commerce,0.94,True,FRESH,2026-10-09T03:00:00Z
seed-adr54-fash-19,ADR_54_CURATED_SEED,fashion,Shocking Fact,[Shocking Fact] Fashion Formula,Fakta fashion: Baju warna gelap gak selalu bikin kamu keliatan kurus kalau kamu salah pilih tekstur kain yang nempel di lipatan tubuh!,Indonesian Social Commerce,0.95,True,FRESH,2026-10-09T03:00:00Z
seed-adr54-fash-20,ADR_54_CURATED_SEED,fashion,Shocking Fact,[Shocking Fact] Fashion Formula,Jangan pernah nyuci bahan knitwear digantung kalau gamau bajumu melar 2 kali lipat dalam seminggu! Tonton cara rawat yang bener.,Indonesian Social Commerce,0.93,True,FRESH,2026-10-09T03:00:00Z
seed-adr54-fash-21,ADR_54_CURATED_SEED,fashion,Shocking Fact,[Shocking Fact] Fashion Formula,"85% orang salah nentuin undertone kulit pas beli jilbab atau outfit, makanya wajah sering keliatan kuyu dan kusam di kamera!",Indonesian Social Commerce,0.96,True,FRESH,2026-10-09T03:00:00Z
seed-adr54-fash-22,ADR_54_CURATED_SEED,fashion,POV Skit,[POV Skit] Fashion Formula,"POV: Lu pake outfit simpel ini ke acara keluarga terus tante-tante lu pada nanya: 'Beli di butik mana tuh, pasti mahal ya?'",Indonesian Social Commerce,0.97,True,FRESH,2026-10-09T03:00:00Z
seed-adr54-fash-23,ADR_54_CURATED_SEED,fashion,POV Skit,[POV Skit] Fashion Formula,"POV: Lu ketemu mantan di mall pas lagi pake one-set ini, auto jalan ala model runway fashion week!",Indonesian Social Commerce,0.94,True,FRESH,2026-10-09T03:00:00Z
seed-adr54-fash-24,ADR_54_CURATED_SEED,fashion,POV Skit,[POV Skit] Fashion Formula,"POV: Pas checkout cuma abis 80 ribu, tapi pas dateng ke kondangan semua mata tertuju ke styling outfit lu!",Indonesian Social Commerce,0.95,True,FRESH,2026-10-09T03:00:00Z
seed-adr54-fnb-25,ADR_54_CURATED_SEED,fnb,Problem-Agitate,[Problem-Agitate] Fnb Formula,"Gue rela antre 1 jam demi menu ini, dan ternyata rasanya beneran di luar nalar—pantesan rame terus tiap sore sampai tumpah ke jalan!",Indonesian Social Commerce,0.97,True,FRESH,2026-10-09T03:00:00Z
seed-adr54-fnb-26,ADR_54_CURATED_SEED,fnb,Problem-Agitate,[Problem-Agitate] Fnb Formula,Bosan gak sih jajan makanan viral tapi isinya cuma micin doang gak ada dagingnya? Sekali nyoba yang ini baru tau definisi kaya rempah sesungguhnya!,Indonesian Social Commerce,0.95,True,FRESH,2026-10-09T03:00:00Z
seed-adr54-fnb-27,ADR_54_CURATED_SEED,fnb,Problem-Agitate,[Problem-Agitate] Fnb Formula,"Lagi tanggal tua tapi ngidam makan steak melt-in-mouth juicy? Stop nelen ludah, gue nemu hidden gem yang porsinya bar-bar harganya ramah dompet!",Indonesian Social Commerce,0.94,True,FRESH,2026-10-09T03:00:00Z
seed-adr54-fnb-28,ADR_54_CURATED_SEED,fnb,Curiosity Gap,[Curiosity Gap] Fnb Formula,Kenapa sambal di resto satu ini bisa bikin orang nagih sampe bungkus berliter-liter? Ternyata bumbu rahasianya diungkep selama 12 jam!,Indonesian Social Commerce,0.96,True,FRESH,2026-10-09T03:00:00Z
seed-adr54-fnb-29,ADR_54_CURATED_SEED,fnb,Curiosity Gap,[Curiosity Gap] Fnb Formula,Minuman matcha 15 ribuan tapi rasanya bisa se-creamy cafe Jepang bintang lima? Rahasianya ada di cara whisking dan jenis susu ini!,Indonesian Social Commerce,0.95,True,FRESH,2026-10-09T03:00:00Z
seed-adr54-fnb-30,ADR_54_CURATED_SEED,fnb,Curiosity Gap,[Curiosity Gap] Fnb Formula,Ada satu menu legendaris di pojokan kota yang gak pernah pasang plang tapi selalu ludes dalam 2 jam pertama buka!,Indonesian Social Commerce,0.93,True,FRESH,2026-10-09T03:00:00Z
seed-adr54-fnb-31,ADR_54_CURATED_SEED,fnb,Shocking Fact,[Shocking Fact] Fnb Formula,"Fakta dapur: Minyak goreng yang dipake berulang kali itu bukan cuma bahaya, tapi bikin gorengan kamu bau tengik dan kehilangan kerenyahannya!",Indonesian Social Commerce,0.96,True,FRESH,2026-10-09T03:00:00Z
seed-adr54-fnb-32,ADR_54_CURATED_SEED,fnb,Shocking Fact,[Shocking Fact] Fnb Formula,"Daging empuk tanpa presto? Cuma modal potongan nanas muda dan marinasi 15 menit, daging sapi alot langsung selembut tahu sutra!",Indonesian Social Commerce,0.98,True,FRESH,2026-10-09T03:00:00Z
seed-adr54-fnb-33,ADR_54_CURATED_SEED,fnb,Shocking Fact,[Shocking Fact] Fnb Formula,"Satu mangkok dessert viral ini kalorinya lebih rendah dari sepiring nasi putih, tapi rasa manisnya dapet dari gula kelapa murni!",Indonesian Social Commerce,0.92,True,FRESH,2026-10-09T03:00:00Z
seed-adr54-fnb-34,ADR_54_CURATED_SEED,fnb,POV Skit,[POV Skit] Fnb Formula,POV: Lu bawa camilan ini ke tongkrongan dan baru ditaruh di meja 3 detik langsung diserbu abis gak bersisa!,Indonesian Social Commerce,0.96,True,FRESH,2026-10-09T03:00:00Z
seed-adr54-fnb-35,ADR_54_CURATED_SEED,fnb,POV Skit,[POV Skit] Fnb Formula,"POV: Pertama kali nyobain kuah kaldunya pas lagi laper-lapernya tengah malam: 'Buset, ini enak banget gila!' (sound crunch)",Indonesian Social Commerce,0.95,True,FRESH,2026-10-09T03:00:00Z
seed-adr54-fnb-36,ADR_54_CURATED_SEED,fnb,POV Skit,[POV Skit] Fnb Formula,POV: Ibu mertua nyicip masakan lu dan langsung minta resep rahasianya: 'Beli di mana bumbu selezat ini?',Indonesian Social Commerce,0.94,True,FRESH,2026-10-09T03:00:00Z
seed-adr54-gadg-37,ADR_54_CURATED_SEED,gadget,Problem-Agitate,[Problem-Agitate] Gadget Formula,"Baterai HP kamu bocor dan selalu drop pas lagi di luar rumah? Jangan langsung ganti HP, cek dulu kabel charger murah kamu yang ngerusak IC power!",Indonesian Social Commerce,0.96,True,FRESH,2026-10-09T03:00:00Z
seed-adr54-gadg-38,ADR_54_CURATED_SEED,gadget,Problem-Agitate,[Problem-Agitate] Gadget Formula,Telinga sakit dan panas gara-gara pakai TWS murahan berjam-jam? Upgrade ke earphone open-ear ini sebelum pendengaran kamu kena dampak permanen!,Indonesian Social Commerce,0.94,True,FRESH,2026-10-09T03:00:00Z
seed-adr54-gadg-39,ADR_54_CURATED_SEED,gadget,Problem-Agitate,[Problem-Agitate] Gadget Formula,"Capek memori HP internal merah terus tiap mau update aplikasi? Stop hapus foto kenangan, colokin flashdisk dual-type C ini langsung lega!",Indonesian Social Commerce,0.95,True,FRESH,2026-10-09T03:00:00Z
seed-adr54-gadg-40,ADR_54_CURATED_SEED,gadget,Curiosity Gap,[Curiosity Gap] Gadget Formula,Gadget 70 ribuan ini punya fungsi yang bikin smart watch sejutaan keliatan kemahalan. Liat sendiri fitur sensor kesehatannya!,Indonesian Social Commerce,0.96,True,FRESH,2026-10-09T03:00:00Z
seed-adr54-gadg-41,ADR_54_CURATED_SEED,gadget,Curiosity Gap,[Curiosity Gap] Gadget Formula,Kenapa keyboard mekanikal satu ini suaranya se-thocky dan empuk banget padahal harganya cuma 100 ribuan? Cek modding bawaan pabriknya!,Indonesian Social Commerce,0.93,True,FRESH,2026-10-09T03:00:00Z
seed-adr54-gadg-42,ADR_54_CURATED_SEED,gadget,Curiosity Gap,[Curiosity Gap] Gadget Formula,Ada satu settingan tersembunyi di Android yang bikin layar kamu 2x lebih smooth dan gak ada lag pas main game berat!,Indonesian Social Commerce,0.95,True,FRESH,2026-10-09T03:00:00Z
seed-adr54-gadg-43,ADR_54_CURATED_SEED,gadget,Shocking Fact,[Shocking Fact] Gadget Formula,Fakta teknis: Wireless charger abal-abal bisa bikin suhu baterai tembus 45 derajat Celsius dan nurunin battery health 20% dalam 3 bulan!,Indonesian Social Commerce,0.97,True,FRESH,2026-10-09T03:00:00Z
seed-adr54-gadg-44,ADR_54_CURATED_SEED,gadget,Shocking Fact,[Shocking Fact] Gadget Formula,Kalian tau gak kalau casing HP yang terlalu tebal tanpa ventilasi itu penyebab utama performa chipset HP kalian throttling dan lemot?,Indonesian Social Commerce,0.94,True,FRESH,2026-10-09T03:00:00Z
seed-adr54-gadg-45,ADR_54_CURATED_SEED,gadget,Shocking Fact,[Shocking Fact] Gadget Formula,Powerbank murah tanpa sertifikasi flight safety bisa meledak di kabin pesawat. Ini standar wajib yang harus kamu cek sebelum beli!,Indonesian Social Commerce,0.98,True,FRESH,2026-10-09T03:00:00Z
seed-adr54-gadg-46,ADR_54_CURATED_SEED,gadget,POV Skit,[POV Skit] Gadget Formula,POV: Temen lu masih ribet nyari colokan di kafe sementara lu tinggal tempel powerbank magsafe slim ini sambil santai ngopi!,Indonesian Social Commerce,0.96,True,FRESH,2026-10-09T03:00:00Z
seed-adr54-gadg-47,ADR_54_CURATED_SEED,gadget,POV Skit,[POV Skit] Gadget Formula,POV: Lu pamer setup meja kerja minimalis di TikTok terus kolom komentar isinya: 'Spill lampu monitor sama deskmat-nya bang!',Indonesian Social Commerce,0.95,True,FRESH,2026-10-09T03:00:00Z
seed-adr54-gadg-48,ADR_54_CURATED_SEED,gadget,POV Skit,[POV Skit] Gadget Formula,POV: Lu beli stabilizer gimbal 100 ribuan ini dan video jalan-jalan lu mendadak keliatan sinematik kayak hasil sewa videografer pro!,Indonesian Social Commerce,0.94,True,FRESH,2026-10-09T03:00:00Z
seed-adr54-gene-49,ADR_54_CURATED_SEED,general,Problem-Agitate,[Problem-Agitate] General Formula,Stop scroll dulu! Sumpah barang 20 ribuan ini bikin hidup aku 10 kali lebih gampang pas lagi beresin rumah yang berantakan!,Indonesian Social Commerce,0.97,True,FRESH,2026-10-09T03:00:00Z
seed-adr54-gene-50,ADR_54_CURATED_SEED,general,Problem-Agitate,[Problem-Agitate] General Formula,Pernah gak sih kalian kesel banget pas lagi buru-buru tapi barang penting malah nyelip gak ketemu? Solusinya cuma gantungan pintar sekecil ini!,Indonesian Social Commerce,0.94,True,FRESH,2026-10-09T03:00:00Z
seed-adr54-gene-51,ADR_54_CURATED_SEED,general,Problem-Agitate,[Problem-Agitate] General Formula,Udah rajin nabung tapi uang bulanan selalu habis tanpa jejak? Masalahnya kamu belum pakai dompet budgeting metode amplop pintar satu ini!,Indonesian Social Commerce,0.95,True,FRESH,2026-10-09T03:00:00Z
seed-adr54-gene-52,ADR_54_CURATED_SEED,general,Curiosity Gap,[Curiosity Gap] General Formula,Kalian wajib curiga kalau barang semurah ini fiturnya selengkap ini. Mari kita uji ketahanannya dibanting dari lantai 2!,Indonesian Social Commerce,0.96,True,FRESH,2026-10-09T03:00:00Z
seed-adr54-gene-53,ADR_54_CURATED_SEED,general,Curiosity Gap,[Curiosity Gap] General Formula,"Ada satu barang sepele yang wajib ada di setiap tas anak kos, dan benda ini udah nyelametin gue berkali-kali dari momen darurat!",Indonesian Social Commerce,0.95,True,FRESH,2026-10-09T03:00:00Z
seed-adr54-gene-54,ADR_54_CURATED_SEED,general,Curiosity Gap,[Curiosity Gap] General Formula,"Ternyata trik orang kaya biar rumahnya selalu wangi hotel mewah bintang 5 bukan pakai parfum semprot, tapi diffuser oil blend ini!",Indonesian Social Commerce,0.93,True,FRESH,2026-10-09T03:00:00Z
seed-adr54-gene-55,ADR_54_CURATED_SEED,general,Shocking Fact,[Shocking Fact] General Formula,Fakta kebersihan: Spon cuci piring yang dipake lebih dari sebulan itu nampung bakteri lebih banyak dari dudukan toilet! Wajib ganti spons antibakteri ini!,Indonesian Social Commerce,0.97,True,FRESH,2026-10-09T03:00:00Z
seed-adr54-gene-56,ADR_54_CURATED_SEED,general,Shocking Fact,[Shocking Fact] General Formula,Tidur 8 jam tapi bangun-bangun leher kaku dan badan pegal? Fix bantal tidur kamu gak punya lekukan ergonomis penopang servikal!,Indonesian Social Commerce,0.95,True,FRESH,2026-10-09T03:00:00Z
seed-adr54-gene-57,ADR_54_CURATED_SEED,general,Shocking Fact,[Shocking Fact] General Formula,80% orang salah cara menyimpan bahan makanan di kulkas sampai cepet busuk. Cukup pakai wadah kedap vakum ini sayur awet sebulan!,Indonesian Social Commerce,0.94,True,FRESH,2026-10-09T03:00:00Z
seed-adr54-gene-58,ADR_54_CURATED_SEED,general,POV Skit,[POV Skit] General Formula,POV: Tetangga lu kepo nanya kenapa teras rumah lu bisa terang benderang tiap malam tanpa nambah tagihan listrik sepeserpun: 'Pake solar lamp bang!',Indonesian Social Commerce,0.96,True,FRESH,2026-10-09T03:00:00Z
seed-adr54-gene-59,ADR_54_CURATED_SEED,general,POV Skit,[POV Skit] General Formula,POV: Lu nemu solusi hack rumah tangga di marketplace dan mikir: 'Kenapa gue gak tau benda ini dari 5 tahun lalu ya?!',Indonesian Social Commerce,0.95,True,FRESH,2026-10-09T03:00:00Z
seed-adr54-gene-60,ADR_54_CURATED_SEED,general,POV Skit,[POV Skit] General Formula,"POV: Pas gajian langsung borong barang bermanfaat ini buat sekeluarga, dan semua orang sepakat ini belanjaan terbaik bulan ini!",Indonesian Social Commerce,0.94,True,FRESH,2026-10-09T03:00:00Z
